okved_class,sphere,note
10,manufacturing,Производство пищевых продуктов
11,manufacturing,Производство напитков
14,manufacturing,Производство одежды
13,manufacturing,Производство текстильных изделий
22,manufacturing,Производство резиновых и пластмассовых изделий
31,manufacturing,Производство мебели
32,manufacturing,Производство прочих готовых изделий
33,manufacturing,Ремонт и монтаж машин и оборудования
41,construction,Строительство зданий
43,construction,Работы строительные специализированные
45,retail,Торговля оптовая и розничная автотранспортными средствами и их ремонт
47,retail,"Розничная торговля, кроме торговли автотранспортными средствами"
49,transport,Деятельность сухопутного и трубопроводного транспорта
52,transport,Складское хозяйство и вспомогательная транспортная деятельность
53,transport,Деятельность почтовой связи и курьерская деятельность
55,tourism,Деятельность по предоставлению мест временного проживания
56,food,Деятельность по предоставлению продуктов питания и напитков
58,other,Деятельность издательская
59,other,"Производство кинофильмов, видеофильмов и телевизионных программ, издание звукозаписей и нот"
61,it,Деятельность в сфере телекоммуникаций
62,it,Разработка компьютерного программного обеспечения
63,it,Деятельность в области информационных технологий
66,professional,Деятельность вспомогательная в сфере финансовых услуг и страхования
68,other,Операции с недвижимым имуществом
69,professional,Деятельность в области бухгалтерского учета и права
70,professional,Деятельность головных офисов; консультирование по вопросам управления
71,professional,"Деятельность в области архитектуры и инженерно-технического проектирования; технических испытаний, исследований и анализа"
73,professional,Деятельность рекламная и исследование конъюнктуры рынка
75,health,Ветеринарная деятельность
77,professional,Аренда и лизинг
78,professional,Деятельность по трудоустройству и подбору персонала
79,tourism,Туризм
81,household,Деятельность по обслуживанию зданий и территорий
85,education,Образование
86,health,Деятельность в области здравоохранения
87,health,Уход с обеспечением проживания
90,tourism,"Творчество, в области искусства и организации развлечений"
93,tourism,"Спорт, отдых и развлечение"
94,other,Деятельность общественных организаций
95,household,"Ремонт компьютеров, предметов личного потребления и хозяйственно-бытового назначения"
96,beauty,Предоставление услуг парикмахерскими и салонами
